,OFFENDER_GENDER_CODE,count,percent
1,MALE,196220,0.8880460904157823
0,FEMALE,24737,0.11195390958421775
